Name	Alternate name	Alternate name 2	RA 2000 (h:m:s)	DEC 2000 (d:m:s)	SuBr	Radial velocity (km/sec)	hrv error	galaxy type	Remarks
CGCG 540-018	PGC 11279	V Zw 297	02 58 58.70	+41 17 18.9		5066	25		
CGCG 540-019			02 59 01.19	+42 20 45.4		4954	22		Visible with direct vision.
CGCG 540-020			02 59 32.19	+41 22 33.4		5754	20		
2MASX J02594106+4134541			02 59 41.07	+41 34 54.3		4956	28		
PGC 11339	V Zw 305		02 59 53.36	+41 32 42.2		5625	23		
CGCG 540-022			03 00 39.70	+40 52 44.6		5460	27		
2MASX J03004093+4222071	NPM1G +42.0103 		03 00 40.92	+42 22 07.4		6013	25		
2MASX J03005797+4300504			03 00 57.97	+43 00 50.5		5025	25		
UGC 2470			03 00 59.46	+43 01 03.3		5025	25		Visible with direct vision. Elongated with fairly bright central area.
UGC 2477			03 01 12.62	+41 43 03.7		5741	25		
2MASX J03014866+4255568	NPM1G +42.0104 		03 01 48.66	+42 55 57.2		5152	66		
2MASX J03022010+4159051			03 02 20.11	+41 59 05.3		6736	25		
UGC 2500			03 02 44.22	+41 37 31.3		4976	30		Slightly elongated. Uniform brightness.
2MASX J03033070+4136238	NPM1G +41.0096 		03 03 30.69	+41 36 23.8		4797	28		
2MASX J03033675+4109578			03 03 36.76	+41 09 57.7		4871	21		
NGC 1175			03 04 32.30	+42 20 22.0		5523	15		Fairly large, bright, and elongated.
2MASX J03043655+4326133			03 04 36.53	+43 26 13.1					
NGC 1177			03 04 37.10	+42 21 46.0		5584	94		Very faint.
UGC 2528			03 05 55.09	+41 35 31.3		6296	33		Small, dim oval.
PGC 11646	V Zw 319		03 06 06.55	+42 21 56.9					
UGC 2534			03 06 32.70	+41 29 07.0		5323	94		Small, dim oval.
CGCG 540-41	PGC 11669		03 06 52.00	+42 31 23.0		5355	28		Nice faint oval forming equilteral triangle with pair of 11th mag stars 1'NNW and 1'W.
UGC 2536			03 06 55.08	+41 30 33.8		4792	27		
UGC 2538			03 07 09.00	+41 44 59.0		5606	94		Small, fairly easy ball. Third in line with two faint stars.
IC 288			03 07 32.90	+42 23 15.0		5198	33		Small oval.
CGCG 524-054			03 07 46.26	+38 22 18.8		4607	17		
2MASX J03080440+4258478			03 08 04.41	+42 58 47.9					
NGC 1207			03 08 15.49	+38 22 55.8		4800	10		Visible with direct vision. Fairly large oval.
2MASX J03082826+4252469			03 08 28.30	+42 52 46.9					
UGC 2552	PGC 11764		03 08 40.55	+42 52 20.0					
CGCG 540-45	PGC 11769		03 08 50.90	+41 48 42.0		5830	34		Faint oval.
UGC 2559			03 09 18.30	+42 58 19.0		5659	14		Small, faint oval.
UGC 2560	IC 1883		03 09 42.23	+40 53 35.1					NED says this is NGC1212.
IC 290	IC 1884	UGC 2561	03 09 42.74	+40 58 27.2		6031	29		Dim and elongated.
CGCG 540-48	PGC 11820		03 09 45.70	+41 15 41.0		6387	29		
2MASX J03095181+4215129			03 09 51.84	+42 15 13.1					
UGC 2562	PGC 11832		03 09 57.38	+42 07 02.9					
UGC 2564	PGC 11844		03 10 05.29	+42 10 46.7					
UGC 2568			03 10 14.40	+42 13 17.0		4752	20		Faint, indistinct haze with averted vision.
CGCG 540-51	PGC 11855		03 10 23.60	+42 25 01.0		5756	18		Small, faint oval.
2MASX J03102902+4218489			03 10 25.99	+42 18 49.1					
UGC 2569	PGC 11863		03 10 34.30	+41 31 39.0					
UGC 2573			03 10 55.83	+45 01 03.6		5620	12		
IC 293	IC 1888	MCG+7-7-31	03 10 56.10	+41 08 14.0		4714	50		Small, faint oval.
IC 294	IC 1889	UGC 2574	03 11 03.11	+40 37 19.6		5015	94		Small, faint oval.
NGC 1224			03 11 13.55	+41 21 49.3		5235	10		Moderately bright oval. Irregular? Can see with direct vision.
UGC 2581	PGC 11926		03 12 07.81	+40 14 38.1		4262	16		
CGCG 540-56	PGC 11948		03 12 28.20	+42 42 03.0		5763	18		Small, dim oval. Stellar core?
NGC 1233	MCG+6-8-3		03 12 33.11	+39 19 08.1		4389	7		Visible with direct vision. Averted vision shows larger elongated oval with brighter core.
UGC 2591			03 13 08.40	+42 46 51.0	21.1				
2MASX J03131469+4057446	NPM1G +40.0070		03 13 14.68	+40 57 44.1	20.5				Very, very small.
UGC 2596			03 13 29.30	+44 07 54.0		5374	5		
2MASX J03134420+4123330	NPM1G +41.0105		03 13 44.12	+41 23 32.5	20.6				
2MASX J03134638+4157470	BM99-29		03 13 46.38	+41 57 46.5	19.7				Very small oval with brighter core.
2MASXi J0313487+414836	BM99-33		03 13 48.69	+41 48 36.7	20.3				
2MASX J03135177+4152180	BM99-36		03 13 51.73	+41 52 17.8	21.0				
2MASX J03140467+4223590	BM99-43		03 14 04.74	+42 23 57.7	20.6				
UGC 2598			03 14 08.37	+41 17 31.1	19.6	4504	35		
2MASX J03141604+4224550	BM99-50		03 14 16.04	+42 24 54.1	20.3				Very faint, small oval.
UGC 2604	MCG+6-8-4	CGCG 525-9	03 14 40.50	+39 37 03.0		4525	9		Dim, moderate size oval.
UGC 2610			03 14 57.90	+39 20 56.0		5085	5		Small, faint oval.
IC 304			03 15 01.37	+37 52 54.6		4938	5		
IC 305			03 15 03.80	+37 51 36.0		5172	27		
2MASX J03150939+4203194	BM99-67		03 15 09.43	+42 03 19.0	20.2				Very small oval 2' NE of UGC2608.
2MASX J03152342+4039295	BM99-77		03 15 23.43	+40 39 29.5	20.3				
2MASX J03152535+4036534	NPM1G +40.0072		03 15 25.39	+40 36 53.9	20.3				
2MASX J03153592+3754462	NPM1G +37.0121 		03 15 35.91	+37 54 46.0					
2MASX J03154700+4045262	BM99-85		03 15 46.94	+40 45 25.8	20.5				
UGC 2616			03 15 52.08	+41 51 27.2	19.9				Very small dim patch next to 
UGC 2621	MCG+7-7-44	CGCG 540-073	03 16 26.07	+41 31 49.3	19.6	4747	71		23" SW of 11th mag star. Can only see brighter central section. NGC1257?
2MASX J03163390+4201325	BM99-108		03 16 33.99	+42 01 33.1	20.6				Very small and very faint. Almost stellar. 
CGCG 540-80	PGC 12187		03 17 00.10	+43 31 29.0		5134	17		Very small and faint. 
2MASX J03170026+4043412	NPM1G +40.0073		03 17 00.17	+40 43 41.0	19.8				Small.
2MASX J03170517+4015442	BM99-133		03 17 05.49	+40 15 39.3	21.1				
2MASX J03170749+4052522	BM99-134		03 17 07.40	+40 52 52.1	19.9				Small, elongated oval.
2MASX J03172017+3808304			03 17 20.17	+38 08 30.4					
2MASX J03172944+4023475	NPM1G +40.0074		03 17 29.36	+40 23 47.4	20.3				
UGC 2637			03 17 31.03	+38 01 34.4		5126	10		
2MASX J03174508+4210522	BM99-155		03 17 45.00	+42 10 51.9	20.3				Small, faint haze 24" NE of 12th mag star.
UGC 2640			03 17 52.30	+43 18 15.0		6116	10		Faint, moderately small oval.
UGC 2647	CGCG 525-19		03 18 18.50	+38 59 59.0		6012	18		Small, faint oval.
BM99-183			03 18 21.35	+41 04 19.2	21.3				Small and relatively bright.
UGC 2655			03 18 45.10	+43 14 20.0		6191	8		
2MASX J03190715+4108330	BM99-227		03 19 07.13	+41 08 34.1	21.3				
UGC 2661			03 19 11.80	+39 26 36.0		5980	27		Elongated with bright, stellar core.
2MASX J03192170+4024381	BM99-239		03 19 21.74	+40 24 38.6	20.3				Faint foreground star (and maybe second, fainter one, visible at 400X) becomes enveloped by small, elongated patch with averted vision.
MCG+7-7-61	CGCG 540-101		03 19 34.20	+41 34 50.2	19.9	4500	29		Easy. Uranometria incorrectly labels as IC1907.
PGC 12417	2MASX J03193743+4137580		03 19 37.43	+41 37 58.8	20.3	8574	20		
2MASX J03194386+4127251	2MASXi J0319438+412725	BM99-263	03 19 43.78	+41 27 25.3	20.5	3937	142		
UGC 2668	PGC 12426		03 19 45.48	+40 28 32.1					Very difficult.
2MASX J03194584+4158352	BM99-267		03 19 45.85	+41 58 35.8	20.0				
2MASX J03195440+4200526	BM99-281		03 19 54.34	+42 00 53.3	20.9				
V Zw 338			03 20 02.70	+41 30 34.0		4827	17		Not in BM99.
MCG+7-7-71	PGC 12494		03 20 25.10	+42 32 49.8	19.9				Moderately large circular haze with brighter central region.
PGC 12537	2MASX J03204603+4144055		03 20 46.00	+41 44 06.0		5359	17		
UGC 2681	PGC 12548		03 20 51.92	+39 05 44.5					Very faint. Some nearby faint reference stars makes this possible to detect within starless field.
UGC 2685			03 20 52.85	+38 15 12.3		5037	5		
MCG +6-8-15	CGCG 525-022		03 20 53.75	+37 52 01.6		5043	17		
2MASX J03210025+4208327	NPM1G +41.0112	BM99-363	03 21 00.21	+42 08 32.9	20.2				
2MASX J03211470+4015130	NPM1G +40.0076		03 21 14.73	+40 15 12.9	20.4				
2MASX J03211830+4037379	BM99-382		03 21 18.29	+40 37 38.1	20.3				
2MASX J03213424+4043200	NPM1G +40.0077		03 21 34.23	+40 43 20.4	20.0				
2MASX J03214379+4221039	BM99-409		03 21 43.78	+42 21 04.1	20.8				
2MASX J03220261+4158250	BM99-421		03 22 02.61	+41 58 25.3	20.6				
2MASX J03221984+4108529	BM99-435		03 22 19.87	+41 08 53.0					
2MASX J03221984+4115189	BM99-436		03 22 19.87	+41 15 19.0					
2MASX J03222134+4000359	BM99-437		03 22 21.42	+40 00 35.6	19.6				
2MASX J03222170+4114299	BM99-438		03 22 21.72	+41 14 29.8	21.8				
2MASX J03222930+4103009	BM99-444		03 22 29.37	+41 03 01.1	20.0				Very difficult, small oval. Hazy, but occassionally see stellar core.
MCG+7-7-80			03 22 31.36	+40 49 00.7	19.8				Small, faint oval.
2MASX J03223548+4123578	BM99-453		03 22 35.50	+41 23 57.2	22.0				
2MASX J03225298+4113477	BM99-466		03 22 53.04	+41 13 48.6	21.8				
2MASX J03232697+4124235	BM99-486		03 23 26.93	+41 24 23.6	20.5				
2MASX J03235337+4123505	BM99-505		03 23 53.30	+41 23 50.6	20.3				Small, faint circle. Forms right triangle with a pair of 10-11th mag stars 46" W.
UGC 2709			03 23 53.60	+38 40 37.0		5142	3		Moderately large oval. Low surface brightness.
UGC 2710			03 23 58.46	+37 45 20.4		5540	27		
UGC 2714			03 24 20.57	+38 01 13.2		6422	12		
UGC 2715	PGC 12736	BM99-519	03 24 22.81	+40 47 18.6	21.2	3897	60		
UGC 2720			03 24 55.90	+39 07 44.0		6296	39		
UGC 2719	PGC 12757		03 24 56.37	+38 56 35.0		5106	16		
2MASX J03245953+4306493	BM99-547		03 24 59.53	+43 06 47.6	20.4				
2MASX J03250535+4033310	IRAS03217+4023		03 25 05.38	+40 33 29.0	21.1	7007	75		
UGC 2723			03 25 15.62	+42 40 23.6	22.0				Dim, but plotted in Uranometria.
V Zw 344	2MASX J03251789+4154092		03 25 17.80	+41 54 09.0					Surprisingly easy. Not in BM99.
2MASX J03252211+4242457			03 25 22.09	+42 42 45.3					
MCG+7-8-4	CGCG 541-003	PGC 12797	03 25 24.79	+40 32 12.4	21.2	3684	39		Hazy patch occassionally seen next to fairly bright star.
2MASX J03253182+4042082	BM99-562		03 25 31.87	+40 42 07.7	20.3				
UGC 2728	PGC 12812		03 25 43.93	+42 03 45.3		6510	19		
2MASX J03263464+4141423	BM99-596		03 26 34.68	+41 41 43.4	19.6	4226	17		
2MASX J03264957+3936224			03 26 49.60	+39 36 22.2					
UGC 2738	MCG+6-8-21	PGC 12867	03 26 53.71	+39 31 52.3					
2MASX J03275749+4023267	BM99-619		03 27 57.55	+40 23 26.9	19.7				
MCG+7-8-11	CGCG 541-10	PGC 12912	03 27 59.30	+39 54 17.0		4337	14		
2MASX J03281552+4009347	BM99-623		03 28 15.57	+40 09 35.0	20.3				Faint, small oval.
2MASX J03281878+4144567	NPM1G +41.0120		03 28 18.86	+41 44 57.2	20.5				
UGC 2749			03 28 31.11	+40 03 28.5	21.6				
2MASX J03284879+4010066	BM99-637		03 28 48.79	+40 10 07.0	20.6				
UGC 2751			03 28 53.74	+40 02 11.6	20.4				
MCG+7-8-13	CGCG 541-14	PGC 12967	03 29 11.85	+41 23 17.0	20.0	5580	44		Fairly small oval next to triangle of faint stars. NGC1330?
UGC 2756 NED02	MCG+7-8-16		03 29 35.69	+40 52 36.8	20.3				Close pair with UGC2756A. Fainter of pair 30" apart, oriented approx. N/S.
MCG+7-8-17	PGC 12998		03 29 53.87	+39 50 20.6					V. challenging because of nearby brighter stars.
UGC 2760			03 30 09.07	+42 57 09.5	22.1				
UGC 2761			03 30 09.97	+38 27 09.6		6131	27		Elongated.
NGC 1335			03 30 19.49	+41 34 21.9		5442	94		Fairly small and dim.
UGC 2764	PGC 13039		03 30 44.09	+42 01 11.6					
UGC 2766	MCG+7-8-21	PGC 13051	03 30 56.76	+40 48 30.0					
MCG+6-8-27	CGCG 525-39	PGC 13061	03 31 08.50	+39 37 46.0		6586	28		
UGC 2769	PGC 13080		03 31 14.02	+42 47 32.2					
UGC 2771			03 31 23.70	+39 44 30.0		5989	20		
UGC 2775	MCG+7-8-24	PGC 13113	03 32 05.62	+41 35 29.0		4400	6		
UGC 2777	PGC 13141		03 32 37.72	+40 19 15.3					
MCG+7-8-25	PGC 13170		03 33 22.58	+40 09 47.4					
PGC 13213	V Zw 353		03 34 15.73	+40 54 23.4					
UGC 2783			03 34 18.43	+39 21 24.6		6173	20		Visible with direct vision. Locally the brightest.
UGC 2784			03 34 19.48	+39 32 44.7		6088	31		Visible with direct vision. Circular.
CGCG 525-043			03 34 19.56	+39 35 38.2		5429	16		Small and elongated.
UGC 2785	PGC 13225		03 34 21.91	+40 55 09.5		4941	20		
UGC 2787	PGC 13246		03 34 46.96	+41 19 37.6		5882	17		
UGC 2790	PGC 13271		03 35 15.51	+41 19 56.7					
UGC 2791	PGC 13280		03 35 28.00	+41 25 24.0		5679	17		
UGC 2798			03 38 09.97	+40 58 59.1		4941	11		Elongated.
UGC 2801			03 38 19.79	+41 17 33.8		4975	12		
UGC 2805			03 38 51.82	+40 59 25.9		6034	7		
MCG +7-8-28	CGCG 541-024		03 39 37.10	+41 05 01.4		4739	35		
			03 12 47.25	+41 49 13.6	21.2			E?	
			03 12 49.60	+42 25 41.0	21.9			S	
			03 12 51.19	+41 22 33.3	21.1			E	
			03 12 51.47	+42 40 41.1	21.4			SB	
			03 12 56.41	+40 59 36.9	21.8			S(B?)	
			03 12 57.69	+41 11 04.5	21.7			?	
UGC 2590			03 13 03.19	+42 27 24.0	19.3	4719	94	E	
			03 13 04.17	+42 16 52.8	23.1			Irr?	
			03 13 04.64	+42 20 39.7	20.9			S	
			03 13 06.02	+40 51 33.5	22.3			?	
			03 13 07.02	+42 26 13.5	21.1			S	
UGC 2591			03 13 08.40	+42 46 51.0	21.1			SB	
			03 13 08.77	+42 12 23.1	21.8			E	
			03 13 11.10	+40 04 46.0	22.6			Irr?	
NPM +40.0070			03 13 14.68	+40 57 44.1	20.5			Sa/S0?	
			03 13 16.82	+42 23 06.6	21			Sa	
			03 13 17.82	+42 17 25.1	22.7			S+S	
			03 13 18.44	+41 27 56.9	22.8			?	
			03 13 26.97	+42 11 07.9	22.5			S?	
PGC 12004			03 13 28.68	+41 04 29.9	19.5	5502	34	Sa	
			03 13 32.89	+42 27 21.7	22.2			E?	
NPM +41.0104			03 13 33.35	+41 58 09.5	20.6			S	
			03 13 34.26	+41 55 53.4	22.2			?	
			03 13 36.01	+42 23 27.2	21.6			?	
			03 13 36.95	+42 48 46.4	21			S	
			03 13 40.84	+42 14 53.6	22.2			S	
NPM +41.0105			03 13 44.12	+41 23 32.5	20.6			S0/Sa	
			03 13 44.07	+41 22 57.2	21.9			S	
			03 13 46.38	+41 57 46.5	19.7			E	
			03 13 46.39	+42 33 21.1	22.7			SB/Irr?	
			03 13 46.79	+41 09 48.1	21.9			S?	
			03 13 46.89	+40 43 14.3	22			SB	
			03 13 48.69	+41 48 36.7	20.3			SB0	
			03 13 50.07	+41 12 59.2	21.6			E	
PGC 12028			03 13 51.76	+41 14 44.8	20.4			E	
			03 13 51.73	+41 52 17.8	21			SB0	
			03 13 53.28	+41 23 07.9	21.8			E	
			03 13 55.04	+40 49 01.9	20.9			SB0	
V Zw 331			03 13 57.60	+41 15 23.7	20.1	8666	34	E/S0?	
			03 13 58.22	+41 33 30.5	20.8			S(early)	
			03 14 03.90	+42 23 43.9	21.3			S?	
			03 14 04.09	+42 09 59.5	22.5			S(late)/Irr	
			03 14 04.74	+42 23 57.7	20.6			Sa?	
UGC 2598			03 14 08.37	+41 17 31.1	19.6	4504	35	S(early)	
PGC 12039			03 14 08.61	+42 44 55.4	19.2	5426	94	E/S0?	
			03 14 08.83	+40 43 39.1	20.7			E?	
			03 14 09.85	+40 37 17.6	22.4			SB?	
			03 14 11.69	+41 33 35.6	21.7			Irr/SB	
			03 14 14.61	+41 10 34.6	21.5			E	
			03 14 16.04	+42 24 54.1	20.3			E	
			03 14 18.26	+41 12 35.2	21.5			S	
			03 14 20.68	+41 27 54.0	21.6			S/S0	
			03 14 31.98	+42 46 14.9	20.2			E	
			03 14 34.19	+41 44 35.8	21.7			S(B?)	
			03 14 35.04	+41 05 11.4	22.3			Irr/S?	
			03 14 35.14	+41 38 11.1	22.5			SB	
			03 14 38.68	+41 04 16.9	22.1			comp	
			03 14 42.95	+41 41 22.3	22.3			SB?	
			03 14 46.96	+41 06 30.6	22.6			E/S?	
IC 301			03 14 47.74	+42 13 21.1	19.9	4888	38	E	
			03 14 49.25	+41 59 36.7	20.3			S/S0	
UGC 2605			03 14 49.63	+40 15 59.2	23.2	2981	6	S(late)	
			03 14 52.36	+42 24 53.7	23.3			?	
			03 14 59.59	+41 23 19.0	22.9			S	
UGC 2608			03 15 01.37	+42 02 08.9	19.5	6998	7	SBR	
			03 15 04.53	+41 21 22.0	20.9			S?	
			03 15 09.43	+42 03 19.0	20.2			S0/E?	
			03 15 12.80	+42 09 22.8	21.9			?	
UGC 2612			03 15 14.55	+41 58 50.2	21.2	9537	9	S	
			03 15 15.48	+41 51 04.9	21.7			E/S?	
			03 15 18.01	+42 10 57.7	22.2			S	
UGC 2614			03 15 17.98	+42 41 45.0	19.9	5252	48	SB	
			03 15 18.17	+41 19 41.8	22.7			S(late)	
			03 15 18.14	+41 31 31.1	21.6			E?	
PGC 12097			03 15 20.53	+41 36 44.7	20.8	5945	32	E(pec)/Irr	
NGC 1250			03 15 21.05	+41 21 19.2	19.5	6014	11	SB(early)	
			03 15 23.43	+40 39 29.5	20.3			S	
NPM +40.0072			03 15 25.39	+40 36 53.9	20.3			S/S0?	
			03 15 26.37	+41 04 18.6	22.5			S(late)	
NPM +42.0116			03 15 27.53	+42 32 47.7	21.3			E?	
PGC 12103			03 15 30.10	+41 15 04.3	19.4	5435	18	E	
			03 15 32.66	+40 07 30.7	21.8			E?	
			03 15 37.92	+42 33 39.0	21.6			E?	
			03 15 39.66	+41 08 48.6	22			S?	
			03 15 46.94	+40 45 25.8	20.5			S(early)	
			03 15 50.34	+41 23 01.8	21.9			S/Irr?	
UGC 2616			03 15 52.08	+41 51 27.2	19.9			S	
			03 15 53.28	+41 19 23.6	22.1			E?	
			03 15 54.05	+41 41 34.5	22.7			Irr?/S?	
			03 15 55.02	+40 13 20.6	21.8			?	
PGC 12126			03 15 57.68	+41 12 57.3	20.7	5711	18	S?	
			03 15 58.68	+42 26 26.4	22.2			S?	
			03 15 58.82	+42 12 08.6	21.6			E?	
UGC 2617			03 16 00.74	+40 53 08.3	21.3	4697	4	SB	
UGC 2618			03 16 00.91	+42 04 27.8	20.3	5385	94	S(BR?)	
			03 16 04.40	+42 05 54.5	21.8			E	
			03 16 05.28	+42 05 19.4	21.1			E	
IC 309			03 16 06.25	+40 48 16.5	19.9	4234	57	S0	
			03 16 11.04	+41 06 06.5	22.1			S?	
UGC 2619			03 16 15.79	+41 10 50.4	19.6	6292	71	SB0	
			03 16 16.19	+41 58 40.4	22			?	
			03 16 16.75	+42 24 44.7	22.3			SB?	
			03 16 18.08	+40 51 20.4	22.2			S?	
			03 16 21.95	+39 58 07.4	21.6			S	
NGC 1257			03 16 26.07	+41 31 49.3	19.6	4747	71	S0(B?)	
			03 16 26.99	+41 10 48.7	21.6			E	
PGC 12160			03 16 27.48	+41 37 37.4	20.1	4969	17	S0	
			03 16 33.99	+42 01 33.1	20.6			S(pec?)	
PGC 12166			03 16 34.44	+41 02 50.3	20.6	3844	9	S(comp)	
			03 16 34.53	+42 25 19.0	22.3			S(late)	
			03 16 35.14	+40 54 31.8	21.9			SBR	
			03 16 36.52	+42 24 36.2	22.4			S?	
			03 16 37.09	+41 47 21.5	21.5			S	
			03 16 38.36	+41 16 31.1	22.2			E?	
			03 16 39.43	+41 30 03.0	22.6			Irr?	
			03 16 40.03	+41 12 37.1	22.1			S?	
			03 16 42.23	+40 03 45.2	21.9			SB0/SB	
IC 310			03 16 42.91	+41 19 29.6	19.4	5678	10	S0	
			03 16 43.21	+41 41 12.9	22.6			S?	
PGC 12176			03 16 45.57	+40 41 51.0	19.4	5864	47	S0	
IRAS03134+4008			03 16 45.85	+40 19 47.9	21.4	4910	17	S(B?)	
IC 311			03 16 46.74	+40 00 13.9	20.9	4257	90	E/S0(pec)?	
			03 16 48.53	+40 52 57.4	21.8			SB0	
			03 16 51.11	+41 15 20.4	21.3			E	
			03 16 51.35	+41 27 33.8	22.2			S?/S0?	
			03 16 55.06	+42 17 02.7	22.1			SB?	
			03 16 59.21	+41 00 00.9	20.8			E	
			03 16 59.43	+40 40 11.7	21.2			S	
UGC 2626			03 16 59.66	+41 21 23.6	19.5	6358	71	S(early)/S0?	
NPM +40.0073			03 17 00.17	+40 43 41.0	19.8			S(early)(B?)	
			03 17 00.06	+42 39 46.5	21.5			S	
PGC 12193			03 17 03.54	+41 38 01.1	19.4	7236	71	S	
			03 17 05.49	+40 15 39.3	21.1			SB?	
			03 17 07.40	+40 52 52.1	19.9			S0/E	
			03 17 12.49	+40 03 16.6	22.2			E	
PGC 12205			03 17 13.13	+41 39 03.6	20.2	6176	18	S0/E	
PGC 12206			03 17 13.52	+41 26 07.7	20.2	4784	17	E	
NGC 1259			03 17 17.17	+41 23 07.4	19.7	5816	18	E/S0?	
			03 17 17.60	+41 25 17.2	21.5			S0	
NGC 1260			03 17 27.13	+41 24 18.6	19.6	5753	14	SB/SB0?	
			03 17 27.16	+41 55 00.1	21.1			S/S0?	
PGC 12222			03 17 27.83	+41 36 46.9	20	6135	18	S0/E	
PGC 12223			03 17 27.80	+41 29 16.8	20.7	4677	17	S0/E	
PGC 12221			03 17 29.07	+41 22 32.2	20.2	6446	19	S0	
NPM +40.0074			03 17 29.36	+40 23 47.4	20.3			E/S0?	
			03 17 30.09	+41 18 47.7	22.3			S?	
PGC 12230			03 17 31.90	+41 24 42.0	21.3	5957	18	SB/SB0?	
PGC 12236			03 17 32.80	+41 17 48.9	20.5	5836	18	S?	
			03 17 37.04	+40 35 16.9	22.4			S	
			03 17 37.53	+40 31 51.6	21.3			E	
			03 17 38.45	+41 00 40.9	22.2			S?	
			03 17 42.30	+40 15 24.7	22.5			Irr	
PGC 12243			03 17 43.18	+42 23 06.2	20.3	4850	17	S(B?)	
			03 17 43.55	+40 57 46.0	21.7			S?	
			03 17 45.00	+42 10 51.9	20.3			?	
			03 17 49.33	+42 31 18.1	22.1			E?	
UGC 2639			03 17 50.37	+41 58 03.7	20.5	4033	19	S/S0?	
PGC 12254			03 17 51.02	+41 27 02.9	19.6	4370	57	E/S0?	
			03 17 52.81	+40 53 49.9	21.9			S	
			03 17 53.58	+41 05 19.9	21			S	
UGC 2642			03 17 55.04	+40 55 35.5	21.1	6155	18	SB(pec?)	
PGC 12263			03 17 57.50	+41 29 50.4	20.8	4741	17	SB0	
PGC 12267			03 17 57.96	+41 54 02.2	20.6	7812	20	E?	
			03 17 59.30	+40 44 20.9	21.9			S	
			03 17 59.46	+40 43 11.2	21.6			?	
NGC 1264			03 17 59.48	+41 31 13.4	20.1	3246	15	SB0	
			03 18 00.60	+41 17 56.7	21.6			E?	
			03 18 00.73	+42 36 07.2	23			S(late)/Irr?	
PGC 12272			03 18 01.70	+41 35 33.9	20.6	4227	16	S(early)	
			03 18 02.55	+41 50 22.3	22			S/S0?	
			03 18 05.79	+41 34 53.2	22.3			?	
IC 312			03 18 08.37	+41 45 16.1	19.7	4978	13	S0	
UGC 2646			03 18 11.43	+40 21 05.7	20.6	5388	73	S0	
			03 18 13.79	+42 32 16.6	21.3			S0/E?	
NGC 1265			03 18 15.75	+41 51 27.9	19.8	7536	71	E	
PGC 12288			03 18 16.40	+41 44 06.0	19.8	6685	19	S0/S?	
PGC 12290			03 18 17.94	+41 40 31.2	21	4848	17	S0/S	
			03 18 18.09	+41 29 11.7	22.1			E	
PGC 12292			03 18 18.84	+41 28 09.4	20.2	3544	41	S(comp)/E?	
PGC 12293			03 18 19.47	+41 51 21.8	20.8	8493	20	E	
			03 18 20.43	+42 44 41.8	21.2			E	
PGC 12294			03 18 20.89	+41 27 48.7	20.5	4934	17	S	
			03 18 21.35	+41 04 19.2	21.3			Irr	
NPM +39.0081			03 18 21.83	+40 09 17.6	21			Sa/S0?	
			03 18 21.77	+42 04 37.5	21.7			E/S?	
PGC 12295			03 18 22.43	+41 24 35.2	20	6468	8	E/S0?	
PGC 12296			03 18 22.92	+41 16 08.1	21.1	3987	16	diskyE/S0	
			03 18 26.40	+40 52 27.4	22.7			S	
			03 18 26.31	+42 44 18.1	22.5			SB?	
			03 18 27.65	+40 58 25.7	21.9			S(late)	
			03 18 30.58	+40 30 08.8	21.6			S?	
			03 18 30.54	+42 15 31.8	22			S	
PGC 12306			03 18 31.62	+41 16 26.6	20.6	5319	17	E	
PGC 12315			03 18 35.34	+41 40 01.7	21.5	7650	19	S0	
PGC 12316			03 18 35.89	+41 28 38.1	19.9	3342	15	SB0/S	
			03 18 36.83	+41 01 09.0	21.2			S0/E?	
PGC 12319			03 18 38.87	+41 40 08.6	20.4	4319	16	S0	
PGC 12320			03 18 39.28	+41 59 50.2	20.3	8088	20	S0/S?	
UGC 2654 main			03 18 43.23	+42 18 02.9	21.4	5793	30	SBR	
UGC 2656			03 18 43.44	+41 04 20.9	20	5487	19	Sa/S0?	
NGC 1267			03 18 44.64	+41 28 02.7	19.5	5059	67	E/S0	
			03 18 44.78	+41 30 41.3	21.9			E	
NGC 1268			03 18 45.12	+41 29 19.7	20.3	3263	40	S(B?)/Irr	
UGC 2654 NED\,1			03 18 45.84	+42 18 37.5	21.5			E	
			03 18 46.31	+41 01 51.9	21.9			SB0	
UGC 2654 NED\,2			03 18 46.15	+42 17 32.7	20.4			E	
PGC 12336			03 18 47.35	+41 25 42.3	20.7	5986	18	S/S0?	
			03 18 47.26	+41 58 50.8	21.6			S	
			03 18 49.37	+40 49 39.2	21.3			S/S0?	
B3 0315+412B			03 18 51.06	+41 23 32.7	22.2			E/S0	
			03 18 53.06	+42 29 36.7	23			S?	
UGC 2659			03 18 53.31	+40 35 44.6	21.1	6158	11	S	
			03 18 53.19	+42 17 56.8	22.1			S	
PGC 12347			03 18 54.41	+41 48 11.4	21	4463	16	?	
			03 18 57.92	+41 38 06.6	21.3			S/S0?	
NGC 1270			03 18 58.06	+41 28 12.7	19	4965	16	E	
PGC 12349			03 18 58.23	+41 42 09.0	20.1	4247	46	S0?	
			03 18 58.89	+41 19 15.2	22.8			S	
			03 19 02.09	+41 37 12.3	22			S?	
			03 19 02.38	+42 07 21.9	21.6			S?	
PGC 12353			03 19 02.37	+41 33 01.0	20.8	4227	16	S0/S?	
			03 19 02.94	+41 30 15.7	22.4			S/Irr?	
PGC 12355			03 19 03.49	+41 58 27.6	20.2	4615	17	E	
PGC 12356			03 19 04.26	+41 13 58.3	20.7	5481	17	S0	
PGC 12358			03 19 04.77	+41 28 09.3	21.9	4027	39	Irr	
PGC 12361			03 19 06.04	+41 04 57.2	20.1	8391	163	E/S0?	
			03 19 07.13	+41 08 34.1	21.3			SB/SB0?	
			03 19 07.61	+39 59 26.8	22.7			S	
			03 19 07.61	+42 32 18.1	21.7			S?	
			03 19 08.41	+41 34 52.3	22.3			S	
			03 19 10.47	+40 01 33.2	21.9			S	
NGC 1271			03 19 11.25	+41 21 11.7	19.4	5751	71	S(comp)/S0	
PGC 12371			03 19 11.99	+41 05 21.2	19.8	5109	9	E	
PGC 12381			03 19 14.55	+41 08 29.3	19.9	8053	171	S0	
PGC 12378			03 19 17.72	+41 38 40.0	19.7	6211	24	E	
			03 19 18.43	+40 16 02.6	21.7			E?	
			03 19 20.14	+42 28 02.2	21.8			E	
NGC 1272			03 19 21.23	+41 29 26.8	19.5	3815	8	S0	
			03 19 21.74	+40 24 38.6	20.3			S/S0	
PGC 12386			03 19 22.35	+41 25 45.8	19.6	5310	17	S	
			03 19 23.88	+41 41 33.6	22.5			S	
			03 19 25.16	+42 39 23.9	22.9			S	
PGC 12392			03 19 25.66	+40 28 44.4	20.5	8194	36	S(early)BR	
NGC 1273			03 19 26.70	+41 32 26.0	19.2	5387	15	S0?	
UGC 2665			03 19 27.33	+41 38 07.2	21.1	7806	57	SB(R?)	
			03 19 27.82	+40 49 57.5	22.6			SB?	
UGC 2664			03 19 30.05	+40 44 31.9	22.8	6067	5	Irr	
			03 19 30.42	+42 29 29.1	23.1			SB	
			03 19 31.96	+41 18 15.1	22.7			E?	
IC 1907			03 19 34.20	+41 34 50.2	19.9	4500	29	S(B?)O	
PGC 12408			03 19 35.86	+41 09 03.8	20.2	5851	18	S/S0?	
			03 19 36.93	+41 10 15.7	22.3			?	
			03 19 37.09	+41 03 53.1	22.7			S?	
PGC 12409			03 19 37.23	+41 29 09.8	20	6661	19	SB0	
			03 19 37.43	+41 37 58.8	20.3			S	
			03 19 37.57	+41 22 48.4	22.3			E?/S?	
PGC 12411			03 19 40.15	+41 19 45.3	19.9	6170	18	S/S0?	
NGC 1274			03 19 40.52	+41 32 55.4	19.4	6413	22	Sa/S0?	
			03 19 40.88	+42 39 58.5	22.9			S?	
			03 19 42.12	+40 02 49.0	22.8			S?	
			03 19 42.39	+40 45 07.0	22.2			S	
PGC 12416			03 19 42.85	+41 36 03.0	21	3331	15	S(BR?)	
			03 19 43.78	+41 27 25.3	20.5			E	
PGC 12428			03 19 44.51	+41 16 41.2	20	5398	17	S/S0?	
PGC 12423			03 19 44.59	+41 26 47.5	20.9	3963	44	S?	
UGC 2668			03 19 45.47	+40 28 32.3	21.8			SBR	
			03 19 45.85	+41 58 35.8	20			S(comp)/E?	
			03 19 46.75	+41 16 13.4	21.3			E	
PGC 12430			03 19 47.76	+41 35 47.3	19.8	7450	24	E?	
NGC 1275			03 19 48.13	+41 30 42.2	19.1	5264	11	E(pec)	
			03 19 50.42	+43 09 53.8	22.1			?	
PGC 12433			03 19 51.22	+41 32 07.6	20.9	5821	18	E?	
			03 19 51.41	+40 50 50.2	22.6			?	
NGC 1277			03 19 51.45	+41 34 25.2	19.2	5066	28	S0	
			03 19 51.93	+40 32 06.5	22.2			S?	
PGC 12436			03 19 52.44	+41 32 59.7	21	6206	18	S	
			03 19 52.86	+42 17 46.8	22.5			S	
			03 19 52.91	+41 36 32.1	21.8			S(late)?	
PGC 12437			03 19 52.94	+41 18 08.7	20	3627	15	SB0/SB?	
NGC 1278			03 19 54.10	+41 33 48.6	19.5	6090	8	E	
			03 19 54.34	+42 00 53.3	20.9			S/S0?	
			03 19 55.15	+41 10 21.6	21.8			?	
			03 19 55.37	+42 18 27.6	22.2			SB(early)	
PGC 12443			03 19 55.52	+41 31 23.5	20.4	5486	17	E	
			03 19 56.53	+42 58 47.9	22.4			S?	
			03 19 56.69	+40 26 55.0	22.1			?	
			03 19 56.81	+41 47 51.0	21.7			E?	
			03 19 58.09	+43 03 34.5	22.5			S	
PGC 12448			03 19 59.04	+41 28 46.9	20.1	7285	19	S/S0?	
			03 20 00.02	+40 05 25.9	22.7			?	
PGC 12451			03 20 00.83	+41 33 13.9	19.6	5186	17	E	
UGC 2673			03 20 01.59	+41 15 04.1	19.9	4434	48	E/S0	
			03 20 02.88	+42 27 06.1	22.4			S	
			03 20 04.15	+40 51 31.3	22.5			S	
			03 20 04.16	+42 59 55.9	21.7			E	
UGC 2672			03 20 05.15	+40 54 22.2	19.6	4297	94	S(early)	
NGC 1281			03 20 06.03	+41 37 48.3	19.4	4300	12	S0	
			03 20 06.28	+40 21 58.5	21.1			S?	
PGC 12459			03 20 07.17	+41 49 58.6	20.6	4240	16	E?	
			03 20 07.99	+39 58 12.5	21.6			S	
			03 20 08.84	+42 48 21.8	22.6			?	
			03 20 09.90	+42 57 44.8	21.8			S	
PGC 12468			03 20 10.04	+41 21 04.3	19.9	2069	13	S	
			03 20 11.47	+42 00 46.7	22.4			SB?	
			03 20 11.85	+41 51 28.5	22.7			S	
			03 20 11.83	+43 06 58.6	21.4			S	
NGC 1282			03 20 12.02	+41 22 01.3	19.2	2139	5	E	
			03 20 12.27	+43 02 51.3	21.6			S	
PGC 12474			03 20 13.18	+41 17 12.8	20.6	7077	19	S(comp)/E?	
			03 20 14.29	+40 41 01.3	21.7			SB(early)	
			03 20 14.60	+42 55 46.9	22.4			S?	
NGC 1283			03 20 15.44	+41 23 55.3	19.4	6727	55	E	
			03 20 15.66	+42 57 15.9	21.7			S(early)	
			03 20 16.11	+40 46 29.5	22.6			S	
			03 20 16.04	+41 28 57.8	22.8			S?	
PGC 12485			03 20 17.31	+41 20 56.3	20.2	5235	17	E	
			03 20 19.11	+41 42 42.9	22.9			S	
			03 20 19.45	+40 49 21.6	22.1			SB?	
PGC 12497			03 20 20.88	+41 22 25.6	20.4	7020	19	S(B?)(early)	
			03 20 21.19	+43 05 33.6	22.3			S?	
PGC 12490			03 20 21.86	+41 38 26.9	20.7	3749	8	SBR(pec)	
MCG -071			03 20 25.10	+42 32 49.8	19.9			E/S0?	
			03 20 25.61	+42 04 13.8	21.6			S?	
PGC 12506			03 20 28.54	+41 29 20.0	19.8	5498	6	E?	
PGC 12507			03 20 29.28	+41 30 52.6	20.8	6621	18	SB/SB0	
			03 20 29.98	+43 07 21.6	21.3			E?	
PGC 12511			03 20 30.85	+41 30 32.5	20	4484	16	S?	
			03 20 31.15	+42 38 55.8	22.7			Irr	
NPM +42.0119			03 20 31.22	+43 06 50.6	20.7	15709	60	S?	
PGC 12513			03 20 32.02	+41 45 31.0	20.4	5012	17	S(comp)	
			03 20 32.67	+41 08 13.7	22.9			?	
PGC 12520			03 20 32.93	+41 43 56.4	21.1	7314	19	S	
			03 20 33.87	+41 13 18.6	22.1			S?	
			03 20 34.89	+42 59 11.9	22.7			S?	
B3 0317+428			03 20 38.19	+43 04 44.0	20.9	15499	90	E/S0?	
			03 20 38.18	+43 02 42.4	21.5			E	
			03 20 38.38	+41 09 26.7	22.8			Irr?	
			03 20 38.87	+41 27 04.3	22.2			S?	
			03 20 39.35	+42 33 42.4	22.4			Irr/S?	
			03 20 40.34	+41 31 04.6	22.1			S?	
			03 20 40.40	+41 34 31.9	21.9			S?	
PGC 12535			03 20 41.40	+42 48 14.5	20.9	6770	200	SBR	
			03 20 41.98	+42 31 12.5	21.2			E/S(comp)?	
PGC 12528			03 20 42.11	+41 24 14.5	20.3	3669	15	E/S0?	
			03 20 43.00	+43 03 31.0	21.2			SB0/Sa	
			03 20 45.19	+42 55 57.8	21.8			SB	
PGC 12541			03 20 45.94	+41 44 06.2	20.7	5359	17	S(early)	
			03 20 46.98	+42 57 12.8	22.6			E?	
			03 20 48.68	+42 38 40.9	21			S	
PGC 12544			03 20 49.26	+41 22 14.6	19.7	4950	52	S(B?)O	
PGC 12547			03 20 50.65	+41 36 01.9	19.3	5306	60	SB0	
			03 20 52.46	+40 49 18.3	21.9			S?	
			03 20 52.91	+43 06 29.1	21.2	14500	200	S	
			03 20 53.65	+40 41 01.3	22.2			S	
			03 20 53.94	+41 47 24.2	22.4			S	
			03 20 53.95	+43 01 52.4	21.9			?	
			03 20 54.11	+42 24 01.6	21.9			S	
			03 20 54.57	+42 17 35.3	22.1			?	
			03 20 57.03	+42 15 47.0	23.1			S	
PGC 12557			03 20 57.75	+41 30 23.1	19.3	4965	17	S(B?)(early)	
IC 313			03 20 57.88	+41 53 38.3	19.5	4432	11	E/S0	
			03 21 00.24	+43 05 26.2	21.9			SB(early)	
NPM +41.0112			03 21 00.21	+42 08 32.9	20.2			S	
PGC 12562			03 21 00.37	+41 33 45.2	19.3	4821	17	S0/Sa?	
			03 21 00.97	+40 19 37.8	20.6			S	
			03 21 01.23	+43 00 49.1	22.1			S?	
UGC 2686			03 21 01.30	+40 47 51.9	20	6090	18	SBR(early)	
PGC 12565			03 21 02.18	+41 24 34.2	20.2	4891	17	SB0	
			03 21 03.48	+40 02 01.9	22.3			?	
			03 21 03.59	+42 20 18.0	22.6			SB?	
PGC 12568			03 21 04.19	+41 33 20.5	20.5	4540	16	S(comp)?	
			03 21 04.36	+40 57 16.8	21.1			S	
			03 21 04.90	+42 01 16.0	22.3			?	
			03 21 07.18	+42 42 17.4	22.5			S?	
			03 21 07.64	+42 59 51.6	21.6			S?	
PGC 12570			03 21 08.81	+41 15 10.9	21	4754	17	S	
			03 21 12.34	+42 39 22.1	22.6			SB?	
NPM +40.0076			03 21 14.73	+40 15 12.9	20.4			S?	
			03 21 14.76	+43 04 23.8	21.3			S?	
			03 21 15.32	+43 03 27.1	22.4			S?	
			03 21 16.44	+43 04 35.8	22.4			S?	
			03 21 18.29	+40 37 38.1	20.3			S	
IC 316 NED\,2			03 21 19.90	+41 55 55.7	19.4	3015	31	S(B?)	
IC 316 NED\,1			03 21 19.93	+41 55 45.1	20	2882	14	S	
PGC 12580			03 21 20.80	+41 27 36.4	19.3	4411	19	S(early)	
			03 21 21.35	+41 01 28.7	21.7			S	
			03 21 24.23	+40 46 14.7	21.8			?	
			03 21 24.31	+41 08 09.3	22.3			S(early)	
			03 21 24.47	+41 39 05.1	22.7			S(late)	
			03 21 27.10	+40 13 25.4	21.7			S?	
UGC 2689			03 21 27.67	+40 48 06.1	19.6	277	11	Sa/S0?	
			03 21 27.81	+41 22 57.2	22.4			S?	
			03 21 27.85	+40 52 19.9	20.3			S(early)	
PGC 12590			03 21 28.78	+41 32 13.3	20	5944	18	S0/S?	
			03 21 29.34	+41 53 49.2	22.6			S?	
			03 21 30.29	+43 03 37.5	22.5			SB	
PGC 12593			03 21 32.83	+40 24 36.5	20	5423	17	S	
			03 21 33.59	+40 50 21.5	22.4			S(late)	
			03 21 33.63	+41 18 03.9	22.4			?	
NPM +40.0077			03 21 34.23	+40 43 20.4	20			S0/Sa	
PGC 12596			03 21 34.20	+41 30 22.0	20.2	7036	19	S	
NGC 1293			03 21 36.43	+41 23 34.4	19.3	4173	6	E/S0?	
			03 21 37.04	+42 26 03.5	22.9			SB	
			03 21 38.73	+42 48 18.8	22.7			S?/Irr?	
			03 21 39.56	+43 01 57.3	21.1			S	
NGC 1294			03 21 39.96	+41 21 38.3	19.4	6585	53	SB0	
			03 21 42.18	+42 05 55.1	21.2			S	
			03 21 42.84	+42 02 51.8	21.8			?	
			03 21 43.78	+42 21 04.1	20.8			SBa	
			03 21 45.55	+41 32 31.6	22.4			S(late)	
			03 21 49.35	+40 07 48.2	21.9			S?	
			03 21 51.48	+41 47 50.7	20.3			S?	
			03 21 53.35	+42 32 40.5	22.1			S	
			03 21 56.37	+41 17 54.3	21.7			S	
			03 21 57.36	+40 48 43.7	21.6			?	
PGC 12617			03 21 57.47	+41 33 08.2	20.4	5813	18	S/E?	
			03 21 59.67	+40 20 25.1	21.3			E/S?	
			03 21 59.84	+40 44 38.9	23.1			SB?	
			03 22 00.51	+41 10 08.5	22.3			S?	
			03 22 01.47	+41 41 50.5	22			S/E?	
			03 22 02.61	+41 58 25.3	20.6			S0/S?	
UGC 2698			03 22 02.89	+40 51 50.0	19.1	6421	14	E?	
			03 22 04.40	+40 02 30.3	22.8			S	
UGC 2696			03 22 05.13	+42 10 19.3	21	5453	94	S(late)	
			03 22 05.89	+42 54 55.6	21.5			?	
			03 22 06.51	+41 04 54.7	22.8			S(late)/Irr	
			03 22 07.20	+40 47 37.6	22.3			S?	
			03 22 08.11	+41 04 29.0	22.6			?	
			03 22 09.06	+41 27 03.1	21.3	6056	18	S?/S0?	
			03 22 09.86	+41 43 39.1	21.4			S(B?)	
			03 22 10.38	+40 14 44.7	20.3			S	
PGC 12627			03 22 11.62	+40 43 36.3	20	4788	94	SBR	
			03 22 16.87	+41 33 09.4	22.6			?	
PGC 12635			03 22 19.25	+41 26 43.8	20.9	6057	18	S/S0?	
			03 22 19.90	+41 08 53.2	21.8			E?	
			03 22 19.89	+41 15 19.3	21.5			SB	
			03 22 21.42	+40 00 35.6	19.6			SB0/SBa	
			03 22 21.72	+41 14 29.8	21.8			S	
			03 22 24.31	+42 17 22.3	21.5			S(B?)	
PGC 12641			03 22 24.46	+41 28 47.9	19.8	5346	17	S0/E	
			03 22 25.24	+41 25 56.4	22.7			?	
			03 22 27.06	+41 19 41.9	21.5			?	
			03 22 27.91	+42 16 27.2	21.8			SB	
			03 22 29.37	+41 03 01.1	20			S(B?)	
			03 22 29.36	+40 07 40.2	22.1			S	
			03 22 30.06	+42 02 13.9	22.7			S?	
			03 22 31.24	+40 13 02.9	23			SB	
MCG -080			03 22 31.36	+40 49 00.7	19.8			E/S0?	
			03 22 32.30	+43 04 58.6	22.5			?	
			03 22 32.73	+42 24 18.3	22.4			E/S?	
			03 22 32.92	+43 11 27.0	22.2			S(B?)	
			03 22 35.36	+41 56 19.5	21.6			?	
			03 22 35.50	+41 23 57.2	22			SB	
			03 22 38.48	+41 22 25.0	23.1			?	
			03 22 38.60	+41 53 11.6	23.1			S?	
			03 22 39.97	+41 53 29.7	23			S	
			03 22 40.90	+40 00 28.3	22.8			SB?	
			03 22 41.72	+41 46 02.0	22.4			?	
NPM +40.0078			03 22 42.05	+40 54 08.0	20.7			S	
			03 22 45.23	+42 26 03.9	21.7			E	
			03 22 46.01	+42 14 43.3	21.7			S	
			03 22 46.06	+41 49 59.8	21.4			S?	
			03 22 46.70	+41 56 29.3	21.9			E?	
			03 22 50.61	+41 01 40.3	21.7			S?	
			03 22 51.39	+42 20 09.6	21.8			S?	
			03 22 53.04	+41 13 48.6	21.8			S(late)	
UGC 2700			03 22 53.85	+42 33 12.0	20.7	6621	6	S(B?)	
			03 23 03.63	+40 51 20.5	21.1			?	
			03 23 04.24	+40 08 10.4	22.6			S	
			03 23 04.49	+41 28 04.7	21.8			S/E?	
			03 23 06.67	+42 02 59.9	22.1			SB0?	
			03 23 08.20	+42 17 36.3	21.9			S(late)	
			03 23 08.96	+40 17 38.9	21.1			S(comp)	
			03 23 09.57	+41 46 13.4	23.1			S(B?)	
			03 23 10.39	+40 17 57.8	21.7			S	
			03 23 11.24	+41 09 04.7	22.6			?	
			03 23 11.58	+40 26 46.9	22.2			S?	
			03 23 14.94	+41 52 33.3	22.8			S?	
			03 23 17.57	+41 11 56.9	22			E?	
			03 23 19.20	+40 26 02.9	22.1			S?	
			03 23 23.16	+40 30 22.1	22.5			S	
			03 23 24.55	+40 21 18.5	21.8			S	
			03 23 24.77	+41 49 21.4	23			?	
			03 23 25.05	+42 08 34.4	21.6			SB	
			03 23 26.60	+42 03 51.8	21			S	
			03 23 26.93	+41 24 23.6	20.5			SB0	
			03 23 27.56	+42 20 45.2	22			S	
			03 23 27.92	+40 19 33.9	21.9			SB	
			03 23 28.21	+42 05 52.1	22.9			S(late)	
			03 23 29.40	+42 40 02.1	22.8			SB	
			03 23 30.07	+41 33 57.3	21.3			?	
			03 23 30.12	+42 03 58.7	21.3			S(B?)	
			03 23 34.01	+41 48 21.3	22			SB	
			03 23 34.31	+42 22 13.9	22			S	
			03 23 34.82	+40 57 10.7	21.2			S	
			03 23 35.81	+40 35 12.1	22.5			?	
			03 23 38.35	+41 50 20.6	21.5			S?	
			03 23 47.02	+42 07 05.5	21.6			S?	
			03 23 47.54	+42 17 19.5	22.5			S	
UGC 2708 NED\,1			03 23 48.83	+40 33 27.9	19.8	8523	4	SB0/SBa	
			03 23 49.65	+42 08 56.9	22.1			S?	
UGC 2708 NED\,2			03 23 50.46	+40 34 55.2	20.9			S	
			03 23 50.91	+41 16 57.9	20.3			S/S0	
			03 23 52.35	+42 18 09.2	21.5			S/S0?	
			03 23 53.30	+41 23 50.6	20.3			S0/E	
			03 23 54.22	+41 41 51.4	20.9			S	
			03 23 56.56	+41 38 18.3	21.8			S	
			03 23 57.23	+41 28 15.2	21.9			S?	
NPM +41.0116			03 23 57.55	+41 31 19.2	20.6			SBa?	
			03 24 04.23	+40 52 25.8	20.8			?	
			03 24 06.74	+42 13 26.6	21			E/S?	
			03 24 09.49	+40 42 26.3	21.9			S	
			03 24 12.58	+40 53 26.5	23			S(late)	
			03 24 14.23	+40 41 26.8	21.9			S	
			03 24 14.46	+41 04 13.4	21.5			?	
			03 24 17.08	+40 37 43.0	21.8			E?	
			03 24 17.69	+41 05 31.2	21.6			S(early)	
			03 24 18.75	+39 59 22.0	22			?	
			03 24 22.81	+40 47 18.6	21.2			SB	
			03 24 26.31	+41 32 02.5	23.2			S(late)/Irr	
			03 24 27.76	+42 19 27.9	22.6			S(late)?	
			03 24 27.81	+41 04 41.3	21.7			SB?	
PGC 12740			03 24 30.29	+40 01 09.1	20.9	14150	22	E?	
			03 24 33.91	+41 36 34.5	21.6			SB0/SBa	
B3 0321+398			03 24 34.00	+40 02 53.3	21.2			E?	
			03 24 34.49	+40 22 36.7	22.1			E	
			03 24 35.46	+41 11 56.0	22.3			?	
UGC 2717			03 24 36.48	+40 41 26.8	19.5	3798	9	E	
			03 24 36.83	+39 59 06.9	22.6			E?	
			03 24 36.86	+40 54 48.7	22.5			SBR	
NPM +41.0117			03 24 37.04	+41 16 45.8	20.7			SB0	
			03 24 37.53	+42 04 12.4	22.3			E?	
			03 24 38.22	+40 49 09.9	21.1			S?	
			03 24 39.88	+40 42 22.9	22.3			SB?	
			03 24 40.07	+40 48 51.3	21.4			E?	
			03 24 41.05	+40 02 52.3	22.2			E?	
			03 24 42.47	+40 37 09.7	22.9			S(late)	
UGC 2718			03 24 43.69	+41 58 08.6	21.7	6871	19	SB(R?)/Irr?	
			03 24 47.52	+42 07 14.7	21.4			?	
IRAS03214+4053			03 24 49.25	+41 04 23.9	22.4	22200	200	S	
			03 24 50.26	+42 05 13.9	22.3			?	
			03 24 50.89	+40 19 24.2	22.8			?	
			03 24 52.32	+42 28 38.6	21.3			E	
			03 24 56.04	+40 49 37.9	21.3			E	
			03 24 57.17	+41 12 16.9	21.8			E	
			03 24 57.87	+42 15 04.0	22.9			S(late)	
			03 24 59.53	+43 06 47.6	20.4			E/S0	
			03 25 03.39	+40 58 31.3	21.4			SB	
IRAS03217+4023			03 25 05.38	+40 33 29.0	21.1	7007	75	Irr	
			03 25 06.35	+41 29 47.5	22.2			E?	
			03 25 07.86	+41 08 26.2	22.5			S	
UGC 2722			03 25 09.37	+42 24 07.3	21.4	3574	50	S(pec)	
			03 25 10.72	+40 01 59.4	21.7			E?	
UGC 2724			03 25 13.00	+40 41 52.7	22.7	14308	22	group	
UGC 2723			03 25 15.62	+42 40 23.6	22			SBR	
			03 25 16.46	+40 53 43.2	21.4			S?/SB0?	
NPM +42.0120			03 25 22.12	+42 42 45.2	20.9			S0	
PGC 12797			03 25 24.79	+40 32 12.4	21.2			SBR/R	
			03 25 25.59	+40 46 23.9	22.1			S	
UGC 2725			03 25 29.58	+41 14 27.4	19.6	6215	62	E	
			03 25 29.77	+40 20 42.8	22.6			S(late)	
			03 25 31.87	+40 42 07.7	20.3			S0/Sa	
			03 25 32.82	+41 51 15.1	22.5			S?	
			03 25 33.22	+41 40 51.0	23.2			S/Irr	
			03 25 43.05	+41 14 42.8	21.9			S	
			03 25 43.23	+41 54 28.4	22			?	
UGC 2728			03 25 43.93	+42 03 45.3	22.7			S(late)	
			03 25 46.73	+41 49 25.4	22.5			R/SBR?	
			03 25 48.13	+41 49 43.6	21.2			S	
			03 25 51.80	+43 04 04.8	22.8			?	
UGC 2730			03 25 52.35	+40 44 54.6	21.7	3772	8	S(late)	
			03 25 52.92	+39 58 55.8	22.3			E?	
			03 25 53.58	+41 18 19.9	22.4			S?	
			03 25 58.77	+41 53 28.1	22.9			S?	
			03 25 59.15	+40 08 26.1	22.7			E?	
IC 320			03 25 59.20	+40 47 20.7	20.4	6990	7	SBR	
UGC 2731			03 26 00.50	+42 01 30.0	22.6			S(late)	
			03 26 01.15	+40 41 40.5	21.3			S/S0?	
			03 26 02.64	+40 35 24.0	22.1			S/E?	
			03 26 02.91	+40 39 50.1	21.3			?	
UGC 2733			03 26 03.13	+41 15 08.2	19.4	5331	31	S0	
			03 26 07.42	+40 05 08.7	22.1			E?	
			03 26 08.14	+41 58 09.6	20.8			E	
			03 26 12.29	+42 38 36.2	21.2			S(early)	
			03 26 14.00	+40 47 58.3	22.2			S(B?)/Irr?	
			03 26 15.99	+42 51 33.0	21.3			S?	
			03 26 16.53	+40 12 50.8	22.4			?	
			03 26 16.66	+43 00 00.5	22.6			E?	
			03 26 21.48	+41 05 58.1	22.2			S?	
			03 26 21.43	+42 00 26.2	21.1			E	
			03 26 21.99	+43 05 27.9	21.8			?	
			03 26 26.59	+40 43 38.7	21.3			E	
UGC 2736			03 26 27.60	+40 30 28.6	19.8	5673	94	S(late)	
			03 26 30.34	+40 32 07.0	23			S(B?)	
			03 26 32.10	+41 18 49.8	22.7			SB?	
			03 26 34.68	+41 41 43.4	19.6			S(B?)	
			03 26 36.86	+41 56 33.3	22.6			S?	
			03 26 37.69	+41 10 11.7	22.4			SB0/SB?	
			03 26 43.94	+41 23 25.3	21.4			E/S?	
			03 26 52.76	+41 54 42.5	23.1			S?	
			03 27 00.62	+40 28 35.4	22.8			Irr	
			03 27 01.38	+42 01 47.0	21.8			E?	
			03 27 03.73	+41 47 56.5	22.2			S	
			03 27 07.50	+40 50 59.7	22.5			SB(R?)	
			03 27 07.48	+42 04 07.7	21.5			S?/E?	
			03 27 08.43	+43 09 21.8	22.3			S?	
			03 27 10.06	+40 06 23.5	22.1			S?	
			03 27 16.49	+42 11 48.4	22.7			SB(pec)	
			03 27 16.84	+40 54 31.5	22.9			?	
			03 27 18.11	+41 50 40.7	21.5			S?/S0?	
			03 27 26.25	+41 07 35.9	21.6			S	
			03 27 29.98	+40 36 34.6	22.9			S/Irr?	
			03 27 31.58	+41 44 37.6	23.1			S	
			03 27 34.87	+41 47 23.6	22.3			?	
			03 27 35.29	+42 31 30.6	22.3			S(late)	
UGC 2742			03 27 39.87	+40 53 48.6	20.6	4349	94	SB(pec)	
UGC 2743			03 27 47.94	+40 02 02.6	21.8	4070	15	S(late)	
			03 27 55.27	+39 59 50.4	19.9			S/S0	
			03 27 57.55	+40 23 26.9	19.7			S?	
			03 28 05.12	+41 26 27.2	22.4			?	
			03 28 07.97	+43 09 50.0	21.8			S	
			03 28 10.78	+40 09 48.8	21.8			SB	
			03 28 15.57	+40 09 35.0	20.3			?	
NPM +41.0120			03 28 18.86	+41 44 57.2	20.5			SB	
			03 28 26.51	+40 16 03.1	20.7			S(comp)/E	
			03 28 27.57	+39 57 31.3	21.1			?	
PGC 12933			03 28 27.76	+40 09 16.3	20.2	4262	15	SB/Irr	
UGC 2749			03 28 31.11	+40 03 28.5	21.6			SB(R?)	
			03 28 32.58	+41 04 38.3	22.5			E/S?	
			03 28 35.74	+42 01 29.3	22.3			S(late)?	
NPM +40.0081			03 28 37.01	+40 28 07.8	20.6			E/S(comp)?	
			03 28 38.65	+43 09 47.5	22.4			S(late)	
			03 28 41.83	+40 30 15.6	22.9			S(late)	
			03 28 42.99	+41 56 53.3	21.3			E	
			03 28 46.68	+40 20 12.8	22.8			S?	
			03 28 48.21	+42 56 43.9	21.9			?	
			03 28 48.79	+40 10 07.0	20.6			S/S0?	
			03 28 50.66	+40 00 53.7	22.4			Irr?	
			03 28 52.52	+41 11 58.4	21.8			?	
UGC 2751			03 28 53.74	+40 02 11.6	20.4			R	
PGC 12960			03 28 55.42	+41 56 22.0	19.9	4743	16	S	
			03 29 01.14	+40 12 51.0	20.8			E?	
UGC 2752			03 29 04.06	+40 49 25.3	19.9	4179	94	S(B?)(early)	
			03 29 11.40	+43 07 40.6	21			S?	
NGC 1330			03 29 4.05	+41 40 41.0	20	5737	80	S/S0	
			03 29 14.95	+43 07 43.1	21.5			SB	
			03 29 20.85	+41 34 14.6	21.4			S?	
			03 29 29.39	+40 34 10.4	21.2			E?	
			03 29 29.39	+40 23 20.1	23			SB?	
			03 29 35.10	+40 04 49.9	21.3			S?	
UGC 2756 NED\,1			03 29 35.18	+40 52 07.8	19.5	5061	37	S0	
UGC 2756 NED\,2			03 29 35.69	+40 52 36.8	20.3			E?	
			03 29 39.38	+41 36 11.2	21.1			S?	
			03 29 39.56	+41 09 12.4	22.8			S	
			03 29 43.66	+40 21 08.0	23.1			Irr/S?	
PGC 12992			03 29 51.04	+40 01 47.8	21	6805	18	S	
			03 29 56.95	+41 44 04.0	22.1			Irr?	
NGC 1334			03 30 01.84	+41 49 55.3	20.2	4274	10	SB(R?)	
UGC 2760			03 30 09.07	+42 57 09.5	22.1			SB	
			03 30 11.25	+43 00 03.9	21.4			E?	